name,longname,source,iridl,registration
tamsatv3.1-af,TAMSAT v3.1 (Africa),https://iridl.ldeo.columbia.edu/SOURCES/.Reading/.Meteorology/.TAMSAT/.TARCAT/.v3p1/,TRUE,
,,https://research.reading.ac.uk/tamsat/,,
,,https://data.tamsat.org.uk/data-download/rainfall/,,
,,,,
tamsatv3-af,TAMSAT v3.0 (Africa),https://iridl.ldeo.columbia.edu/SOURCES/.Reading/.Meteorology/.TAMSAT/.TARCAT/.v3p0/,TRUE,
,,https://research.reading.ac.uk/tamsat/,,
,,https://data.tamsat.org.uk/data-download/rainfall/,,
,,,,
chirp-gb,CHIRP (Global),https://www.chc.ucsb.edu/data/chirps,TRUE,
,,https://iridl.ldeo.columbia.edu/SOURCES/.UCSB/.CHIRP/,,
,,https://data.chc.ucsb.edu/products/CHIRP/daily,,
,,,,
chirpsv2-gb,CHIRPS v2.0 (Global),https://www.chc.ucsb.edu/data/chirps,TRUE,
,,https://iridl.ldeo.columbia.edu/SOURCES/.UCSB/.CHIRPS/,,
,,https://data.chc.ucsb.edu/products/CHIRPS-2.0/global_daily/tifs/p05,,
,,,,
arc2-af,NOAA-CPC ARC2 (Africa),https://iridl.ldeo.columbia.edu/SOURCES/.NOAA/.NCEP/.CPC/.FEWS/.Africa/.DAILY/.ARC2/,TRUE,
,,https://ftp.cpc.ncep.noaa.gov/fews/fewsdata/africa/arc2,,
,,,,
rfev2-af,NOAA-CPC RFEv2 (Africa),https://iridl.ldeo.columbia.edu/SOURCES/.NOAA/.NCEP/.CPC/.FEWS/.Africa/.DAILY/.RFEv2/,TRUE,
,,https://ftp.cpc.ncep.noaa.gov/fews/fewsdata/africa/rfe2,,
,,https://ftp.cpc.ncep.noaa.gov/fews/fewsdata/africa/rfe2/RFE_readme.txt,,
,,,,
rfev2-sa,NOAA-CPC RFEv2 (South Asia),http://iridl.ldeo.columbia.edu/SOURCES/.NOAA/.NCEP/.CPC/.FEWS/.SAsia/.RFEv2/,TRUE,
,,https://ftp.cpc.ncep.noaa.gov/fews/S.Asia,,
,,https://ftp.cpc.ncep.noaa.gov/fews/S.Asia/SOUTH_ASIA_README.txt,,
,,,,
persiann.pdir-gb,PERSIANN PDIR-Now (Global),https://chrsdata.eng.uci.edu,,
,,https://persiann.eng.uci.edu/CHRSdata/PDIRNow/,,
,,,,
persiann.ccs-gb,PERSIANN-CCS (Global),https://chrsdata.eng.uci.edu,,
,,https://persiann.eng.uci.edu/CHRSdata/PERSIANN-CCS/,,
,,,,
persiann.cdr-gb,PERSIANN-CDR (Global),https://chrsdata.eng.uci.edu,,
,,https://persiann.eng.uci.edu/CHRSdata/PERSIANN-CDR/,,
,,,,
persiann-gb,PERSIANN (Global),https://chrsdata.eng.uci.edu,,
,,https://persiann.eng.uci.edu/CHRSdata/PERSIANN/,,
,,,,
trmm3b42v7-gb,TRMM 3B42 v7 (Global),https://disc.gsfc.nasa.gov/datasets/TRMM_3B42_Daily_7/summary,,https://urs.earthdata.nasa.gov
,,,,
trmm3b42rtv7-gb,TRMM 3B42RT v7 (Global),https://disc.gsfc.nasa.gov/datasets/TRMM_3B42RT_Daily_7/summary,,https://urs.earthdata.nasa.gov
,,,,
cmorphv1.0bld-gb,CMORPH V1.0 BLD (Global),https://ftp.cpc.ncep.noaa.gov/precip/CMORPH_V1.0/BLD/0.25deg-DLY_EOD/GLB,,
,,https://ftp.cpc.ncep.noaa.gov/precip/CMORPH_V1.0/CMORPH_V1.0_README.txt,,
,,,,
cmorphrtv0.xbld-gb,CMORPH RT V0.x BLD (Global),https://ftp.cpc.ncep.noaa.gov/precip/CMORPH_RT/BLD,,
,,,,
cmorphv1.0adj-gb,CMORPH V1.0 CRT (Global),https://ftp.cpc.ncep.noaa.gov/precip/CMORPH_V1.0/CRT/0.25deg-DLY_00Z,,
,,https://ftp.cpc.ncep.noaa.gov/precip/CMORPH_V1.0/CMORPH_V1.0_README.txt,,
,,,,
cmorphrtv0.xadj-gb,CMORPH RT V0.x ICDR (Global),https://ftp.cpc.ncep.noaa.gov/precip/CMORPH_RT/ICDR/0.25deg-DLY_00Z,,
,,https://ftp.cpc.ncep.noaa.gov/precip/CMORPH_V0.x/CMORPH_V0.x_README.txt,,
,,,,
cmorphv0.xraw-gb,CMORPH V0.x RAW (Global),https://iridl.ldeo.columbia.edu/SOURCES/.NOAA/.NCEP/.CPC/.CMORPH/.V0px/.RAW/,TRUE,
,,https://ftp.cpc.ncep.noaa.gov/precip/CMORPH_V0.x/RAW/0.25deg-DLY_00Z,,
,,https://ftp.cpc.ncep.noaa.gov/precip/CMORPH_V0.x/CMORPH_V0.x_README.txt,,
,,,,
gpm.imerg.f-gb,GPM L3 IMERG V07 Final (Global),https://disc.gsfc.nasa.gov/datasets/GPM_3IMERGDF_07/summary,,https://urs.earthdata.nasa.gov
,,https://pmm.nasa.gov/data-access/downloads/gpm,,
,,,,
gpm.imerg.l-gb,GPM L3 IMERG V06 Late (Global),https://disc.gsfc.nasa.gov/datasets/GPM_3IMERGDL_06/summary,,https://urs.earthdata.nasa.gov
,,https://pmm.nasa.gov/data-access/downloads/gpm,,
,,,,
gpm.imerg.e-gb,GPM L3 IMERG V06 Early (Global),https://disc.gsfc.nasa.gov/datasets/GPM_3IMERGDE_06/summary,,https://urs.earthdata.nasa.gov
,,https://pmm.nasa.gov/data-access/downloads/gpm,,
,,,,
gsmap.nrtv8.00-gb,GSMaP NRT (00-23 UTC) V8 (Global),https://sharaku.eorc.jaxa.jp/GSMaP/guide.html,,https://sharaku.eorc.jaxa.jp/GSMaP/registration.html
,,https://sharaku.eorc.jaxa.jp/GSMaP/index.htm,,
,,https://sharaku.eorc.jaxa.jp/GSMaP/faq/GSMaP_faq18.html,,
,,,,
gsmap.nrtv8.12-gb,GSMaP NRT (12-11 UTC) V8 (Global),https://sharaku.eorc.jaxa.jp/GSMaP/guide.html,,https://sharaku.eorc.jaxa.jp/GSMaP/registration.html
,,https://sharaku.eorc.jaxa.jp/GSMaP/index.htm,,
,,https://sharaku.eorc.jaxa.jp/GSMaP/faq/GSMaP_faq18.html,,
,,,,
gsmap.g.nrtv8.00-gb,GSMaP Gauge NRT (00-23 UTC) V8 (Global),https://sharaku.eorc.jaxa.jp/GSMaP/guide.html,,https://sharaku.eorc.jaxa.jp/GSMaP/registration.html
,,https://sharaku.eorc.jaxa.jp/GSMaP/index.htm,,
,,https://sharaku.eorc.jaxa.jp/GSMaP/faq/GSMaP_faq18.html,,
,,,,
gsmap.g.nrtv8.12-gb,GSMaP Gauge NRT (12-11 UTC) V8 (Global),https://sharaku.eorc.jaxa.jp/GSMaP/guide.html,,https://sharaku.eorc.jaxa.jp/GSMaP/registration.html
,,https://sharaku.eorc.jaxa.jp/GSMaP/index.htm,,
,,https://sharaku.eorc.jaxa.jp/GSMaP/faq/GSMaP_faq18.html,,
,,,,
gsmap.nrtv7.00-gb,GSMaP NRT (00-23 UTC) V7 (Global),https://sharaku.eorc.jaxa.jp/GSMaP/guide.html,,https://sharaku.eorc.jaxa.jp/GSMaP/registration.html
,,https://sharaku.eorc.jaxa.jp/GSMaP/index.htm,,
,,https://sharaku.eorc.jaxa.jp/GSMaP/faq/GSMaP_faq18.html,,
,,,,
gsmap.nrtv7.12-gb,GSMaP NRT (12-11 UTC) V7 (Global),https://sharaku.eorc.jaxa.jp/GSMaP/guide.html,,https://sharaku.eorc.jaxa.jp/GSMaP/registration.html
,,https://sharaku.eorc.jaxa.jp/GSMaP/index.htm,,
,,https://sharaku.eorc.jaxa.jp/GSMaP/faq/GSMaP_faq18.html,,
,,,,
gsmap.g.nrtv7.00-gb,GSMaP Gauge NRT (00-23 UTC) V7 (Global),https://sharaku.eorc.jaxa.jp/GSMaP/guide.html,,https://sharaku.eorc.jaxa.jp/GSMaP/registration.html
,,https://sharaku.eorc.jaxa.jp/GSMaP/index.htm,,
,,https://sharaku.eorc.jaxa.jp/GSMaP/faq/GSMaP_faq18.html,,
,,,,
gsmap.g.nrtv7.12-gb,GSMaP Gauge NRT (12-11 UTC) V7 (Global),https://sharaku.eorc.jaxa.jp/GSMaP/guide.html,,https://sharaku.eorc.jaxa.jp/GSMaP/registration.html
,,https://sharaku.eorc.jaxa.jp/GSMaP/index.htm,,
,,https://sharaku.eorc.jaxa.jp/GSMaP/faq/GSMaP_faq18.html,,
,,,,
gsmap.nrtv6.00-gb,GSMaP NRT (00-23 UTC) V6 (Global),https://sharaku.eorc.jaxa.jp/GSMaP/guide.html,,https://sharaku.eorc.jaxa.jp/GSMaP/registration.html
,,https://sharaku.eorc.jaxa.jp/GSMaP/index.htm,,
,,https://sharaku.eorc.jaxa.jp/GSMaP/faq/GSMaP_faq18.html,,
,,,,
gsmap.nrtv6.12-gb,GSMaP NRT (12-11 UTC) V6 (Global),https://sharaku.eorc.jaxa.jp/GSMaP/guide.html,,https://sharaku.eorc.jaxa.jp/GSMaP/registration.html
,,https://sharaku.eorc.jaxa.jp/GSMaP/index.htm,,
,,https://sharaku.eorc.jaxa.jp/GSMaP/faq/GSMaP_faq18.html,,
,,,,
gsmap.g.nrtv6.00-gb,GSMaP Gauge NRT (00-23 UTC) V6 (Global),https://sharaku.eorc.jaxa.jp/GSMaP/guide.html,,https://sharaku.eorc.jaxa.jp/GSMaP/registration.html
,,https://sharaku.eorc.jaxa.jp/GSMaP/index.htm,,
,,https://sharaku.eorc.jaxa.jp/GSMaP/faq/GSMaP_faq18.html,,
,,,,
gsmap.g.nrtv6.12-gb,GSMaP Gauge NRT (12-11 UTC) V6 (Global),https://sharaku.eorc.jaxa.jp/GSMaP/guide.html,,https://sharaku.eorc.jaxa.jp/GSMaP/registration.html
,,https://sharaku.eorc.jaxa.jp/GSMaP/index.htm,,
,,https://sharaku.eorc.jaxa.jp/GSMaP/faq/GSMaP_faq18.html,,
,,,,
gsmap.clm-gb,GSMaP CLM (00-23 UTC) (Global),https://sharaku.eorc.jaxa.jp/GSMaP/guide.html,,https://sharaku.eorc.jaxa.jp/GSMaP/registration.html
,,https://sharaku.eorc.jaxa.jp/GSMaP_CLM/index.htm,,
,,https://sharaku.eorc.jaxa.jp/GSMaP/faq/GSMaP_faq18.html,,
,,,,
mswep.nrt-gb,MSWEP NRT v2.8 (Global),https://www.gloh2o.org/mswep/,,https://www.gloh2o.org/mswep
,,https://drive.google.com/drive/u/0/shared-with-me,,
,,,,
mswep.past-gb,MSWEP Past v2.8 (Global),https://www.gloh2o.org/mswep/,,https://www.gloh2o.org/mswep
,,https://drive.google.com/drive/u/0/shared-with-me,,
,,,,
mswep.pastng-gb,MSWEP Past nogauge v2.8 (Global),https://www.gloh2o.org/mswep/,,https://www.gloh2o.org/mswep
,,https://drive.google.com/drive/u/0/shared-with-me,,